{
  "goodbye": {
    "precision": 0.8,
    "recall": 0.8,
    "f1-score": 0.8000000000000002,
    "support": 10,
    "confused_with": {
      "greet": 1,
      "fever_sym": 1
    }
  },
  "fever_sym": {
    "precision": 0.625,
    "recall": 0.7142857142857143,
    "f1-score": 0.6666666666666666,
    "support": 7,
    "confused_with": {
      "med_helped": 1,
      "fracture_sym": 1
    }
  },
  "greet": {
    "precision": 0.8461538461538461,
    "recall": 0.8461538461538461,
    "f1-score": 0.8461538461538461,
    "support": 13,
    "confused_with": {
      "med_not_helped": 1,
      "goodbye": 1
    }
  },
  "cold_confirm": {
    "precision": 0.75,
    "recall": 0.6,
    "f1-score": 0.6666666666666665,
    "support": 5,
    "confused_with": {
      "goodbye": 1,
      "fracture_accepted": 1
    }
  },
  "med_not_helped": {
    "precision": 0.8,
    "recall": 0.6666666666666666,
    "f1-score": 0.7272727272727272,
    "support": 6,
    "confused_with": {
      "med_helped": 2
    }
  },
  "bot_challenge": {
    "precision": 1.0,
    "recall": 1.0,
    "f1-score": 1.0,
    "support": 5,
    "confused_with": {}
  },
  "fracture_accepted": {
    "precision": 0.8,
    "recall": 0.6666666666666666,
    "f1-score": 0.7272727272727272,
    "support": 6,
    "confused_with": {
      "fever_sym": 1,
      "cold_confirm": 1
    }
  },
  "med_helped": {
    "precision": 0.5714285714285714,
    "recall": 0.8,
    "f1-score": 0.6666666666666666,
    "support": 5,
    "confused_with": {
      "greet": 1
    }
  },
  "fracture_sym": {
    "precision": 0.8333333333333334,
    "recall": 0.8333333333333334,
    "f1-score": 0.8333333333333334,
    "support": 6,
    "confused_with": {
      "fever_sym": 1
    }
  },
  "accuracy": 0.7777777777777778,
  "macro avg": {
    "precision": 0.7806573056573057,
    "recall": 0.7696784696784696,
    "f1-score": 0.7704480704480704,
    "support": 63
  },
  "weighted avg": {
    "precision": 0.7870181405895691,
    "recall": 0.7777777777777778,
    "f1-score": 0.7787397787397787,
    "support": 63
  },
  "micro avg": {
    "precision": 0.7777777777777778,
    "recall": 0.7777777777777778,
    "f1-score": 0.7777777777777778,
    "support": 63
  }
}